<?xml version="1.0" encoding="UTF-8"?>
<project-private xmlns="http://www.netbeans.org/ns/project-private/1">
    <editor-bookmarks xmlns="http://www.netbeans.org/ns/editor-bookmarks/2" lastBookmarkId="0"/>
    <open-files xmlns="http://www.netbeans.org/ns/projectui-open-files/2">
        <group name="Ex8">
            <file>file:/C:/Program%20ปี%203/Ex8/StudentServletSynchronization/web/error.jsp</file>
            <file>file:/C:/Program%20ปี%203/Ex8/StudentServletSynchronization/web/edit.jsp</file>
            <file>file:/C:/Program%20ปี%203/Ex8/StudentServletSynchronization/web/index.html</file>
            <file>file:/C:/Program%20ปี%203/Ex8/StudentServletSynchronization/web/vaccinated.jsp</file>
            <file>file:/C:/Program%20ปี%203/Ex8/StudentServletSynchronization/src/java/servlet/insert.java</file>
            <file>file:/C:/Program%20ปี%203/Ex8/StudentServletSynchronization/src/java/model/StudentTable.java</file>
            <file>file:/C:/Program%20ปี%203/Ex8/StudentServletSynchronization/src/java/model/Student.java</file>
            <file>file:/C:/Program%20ปี%203/Ex8/StudentServletSynchronization/src/java/servlet/find.java</file>
            <file>file:/C:/Program%20ปี%203/Ex8/StudentServletSynchronization/src/java/servlet/updateData.java</file>
        </group>
    </open-files>
</project-private>
